sweep,knob_value,scenario,coord_decision,baseline_decision,result,coord_composite,baseline_composite
floor,0.0,Healthy,ALLOW,ALLOW,agree_allow,0.9642,0.9646
floor,0.0,A_session_hijack,ISOLATE,ALLOW,COVERAGE_GAP,0.5892,0.7106
floor,0.0,B_mild_drift,ALLOW,ALLOW,agree_allow,0.8458,0.9004
floor,0.0,B_severe_drift,ALLOW,ALLOW,agree_allow,0.8025,0.8809
floor,0.0,C_supply_chain,ISOLATE,ALLOW,COVERAGE_GAP,0.4642,0.7149
floor,0.0,D_iiot_lateral,ALLOW,ALLOW,agree_allow,0.7083,0.8248
floor,0.0,E_identity_compromise,ALLOW,ISOLATE,REVERSE_GAP,0.705,0.4603
floor,0.05,Healthy,ALLOW,ALLOW,agree_allow,0.9642,0.9646
floor,0.05,A_session_hijack,ISOLATE,ALLOW,COVERAGE_GAP,0.5892,0.7106
floor,0.05,B_mild_drift,ALLOW,ALLOW,agree_allow,0.8458,0.9004
floor,0.05,B_severe_drift,ALLOW,ALLOW,agree_allow,0.8025,0.8809
floor,0.05,C_supply_chain,ISOLATE,ALLOW,COVERAGE_GAP,0.4642,0.7149
floor,0.05,D_iiot_lateral,ALLOW,ALLOW,agree_allow,0.7083,0.8248
floor,0.05,E_identity_compromise,ALLOW,ISOLATE,REVERSE_GAP,0.705,0.4603
floor,0.1,Healthy,ALLOW,ALLOW,agree_allow,0.9642,0.9646
floor,0.1,A_session_hijack,ISOLATE,ALLOW,COVERAGE_GAP,0.5892,0.7106
floor,0.1,B_mild_drift,ALLOW,ALLOW,agree_allow,0.8458,0.9004
floor,0.1,B_severe_drift,ALLOW,ALLOW,agree_allow,0.8025,0.8809
floor,0.1,C_supply_chain,ISOLATE,ALLOW,COVERAGE_GAP,0.4642,0.7149
floor,0.1,D_iiot_lateral,ALLOW,ALLOW,agree_allow,0.7083,0.8248
floor,0.1,E_identity_compromise,ALLOW,ISOLATE,REVERSE_GAP,0.705,0.4603
floor,0.15,Healthy,ALLOW,ALLOW,agree_allow,0.9642,0.9646
floor,0.15,A_session_hijack,ISOLATE,ALLOW,COVERAGE_GAP,0.5892,0.7106
floor,0.15,B_mild_drift,ALLOW,ALLOW,agree_allow,0.8458,0.9004
floor,0.15,B_severe_drift,ALLOW,ALLOW,agree_allow,0.8025,0.8809
floor,0.15,C_supply_chain,ISOLATE,ALLOW,COVERAGE_GAP,0.4642,0.7149
floor,0.15,D_iiot_lateral,ALLOW,ALLOW,agree_allow,0.7083,0.8248
floor,0.15,E_identity_compromise,ALLOW,ISOLATE,REVERSE_GAP,0.705,0.4603
floor,0.2,Healthy,ALLOW,ALLOW,agree_allow,0.9642,0.9646
floor,0.2,A_session_hijack,ISOLATE,ALLOW,COVERAGE_GAP,0.5892,0.7106
floor,0.2,B_mild_drift,ALLOW,ALLOW,agree_allow,0.8458,0.9004
floor,0.2,B_severe_drift,ALLOW,ALLOW,agree_allow,0.8025,0.8809
floor,0.2,C_supply_chain,ISOLATE,ALLOW,COVERAGE_GAP,0.4642,0.7149
floor,0.2,D_iiot_lateral,ALLOW,ALLOW,agree_allow,0.7083,0.8248
floor,0.2,E_identity_compromise,ALLOW,ISOLATE,REVERSE_GAP,0.705,0.4603
floor,0.25,Healthy,ALLOW,ALLOW,agree_allow,0.9642,0.9646
floor,0.25,A_session_hijack,ISOLATE,ALLOW,COVERAGE_GAP,0.5892,0.7106
floor,0.25,B_mild_drift,ALLOW,ALLOW,agree_allow,0.8458,0.9004
floor,0.25,B_severe_drift,ALLOW,ALLOW,agree_allow,0.8025,0.8809
floor,0.25,C_supply_chain,ISOLATE,ALLOW,COVERAGE_GAP,0.4642,0.7149
floor,0.25,D_iiot_lateral,ALLOW,ALLOW,agree_allow,0.7083,0.8248
floor,0.25,E_identity_compromise,ALLOW,ISOLATE,REVERSE_GAP,0.705,0.4603
floor,0.3,Healthy,ALLOW,ALLOW,agree_allow,0.9642,0.9646
floor,0.3,A_session_hijack,ISOLATE,ALLOW,COVERAGE_GAP,0.5892,0.7106
floor,0.3,B_mild_drift,ALLOW,ALLOW,agree_allow,0.8458,0.9004
floor,0.3,B_severe_drift,ALLOW,ALLOW,agree_allow,0.8025,0.8809
floor,0.3,C_supply_chain,ISOLATE,ALLOW,COVERAGE_GAP,0.4642,0.7149
floor,0.3,D_iiot_lateral,ISOLATE,ALLOW,COVERAGE_GAP,0.7083,0.8248
floor,0.3,E_identity_compromise,ISOLATE,ISOLATE,both_isolate,0.705,0.4603
floor,0.35,Healthy,ALLOW,ALLOW,agree_allow,0.9642,0.9646
floor,0.35,A_session_hijack,ISOLATE,ALLOW,COVERAGE_GAP,0.5892,0.7106
floor,0.35,B_mild_drift,ALLOW,ALLOW,agree_allow,0.8458,0.9004
floor,0.35,B_severe_drift,ALLOW,ALLOW,agree_allow,0.8025,0.8809
floor,0.35,C_supply_chain,ISOLATE,ALLOW,COVERAGE_GAP,0.4642,0.7149
floor,0.35,D_iiot_lateral,ISOLATE,ALLOW,COVERAGE_GAP,0.7083,0.8248
floor,0.35,E_identity_compromise,ISOLATE,ISOLATE,both_isolate,0.705,0.4603
floor,0.4,Healthy,ALLOW,ALLOW,agree_allow,0.9642,0.9646
floor,0.4,A_session_hijack,ISOLATE,ALLOW,COVERAGE_GAP,0.5892,0.7106
floor,0.4,B_mild_drift,ALLOW,ALLOW,agree_allow,0.8458,0.9004
floor,0.4,B_severe_drift,ALLOW,ALLOW,agree_allow,0.8025,0.8809
floor,0.4,C_supply_chain,ISOLATE,ALLOW,COVERAGE_GAP,0.4642,0.7149
floor,0.4,D_iiot_lateral,ISOLATE,ALLOW,COVERAGE_GAP,0.7083,0.8248
floor,0.4,E_identity_compromise,ISOLATE,ISOLATE,both_isolate,0.705,0.4603
floor,0.45,Healthy,ALLOW,ALLOW,agree_allow,0.9642,0.9646
floor,0.45,A_session_hijack,ISOLATE,ALLOW,COVERAGE_GAP,0.5892,0.7106
floor,0.45,B_mild_drift,ALLOW,ALLOW,agree_allow,0.8458,0.9004
floor,0.45,B_severe_drift,ALLOW,ALLOW,agree_allow,0.8025,0.8809
floor,0.45,C_supply_chain,ISOLATE,ALLOW,COVERAGE_GAP,0.4642,0.7149
floor,0.45,D_iiot_lateral,ISOLATE,ALLOW,COVERAGE_GAP,0.7083,0.8248
floor,0.45,E_identity_compromise,ISOLATE,ISOLATE,both_isolate,0.705,0.4603
floor,0.5,Healthy,ALLOW,ALLOW,agree_allow,0.9642,0.9646
floor,0.5,A_session_hijack,ISOLATE,ALLOW,COVERAGE_GAP,0.5892,0.7106
floor,0.5,B_mild_drift,ALLOW,ALLOW,agree_allow,0.8458,0.9004
floor,0.5,B_severe_drift,ALLOW,ALLOW,agree_allow,0.8025,0.8809
floor,0.5,C_supply_chain,ISOLATE,ALLOW,COVERAGE_GAP,0.4642,0.7149
floor,0.5,D_iiot_lateral,ISOLATE,ALLOW,COVERAGE_GAP,0.7083,0.8248
floor,0.5,E_identity_compromise,ISOLATE,ISOLATE,both_isolate,0.705,0.4603
floor,0.55,Healthy,ALLOW,ALLOW,agree_allow,0.9642,0.9646
floor,0.55,A_session_hijack,ISOLATE,ALLOW,COVERAGE_GAP,0.5892,0.7106
floor,0.55,B_mild_drift,ALLOW,ALLOW,agree_allow,0.8458,0.9004
floor,0.55,B_severe_drift,ALLOW,ALLOW,agree_allow,0.8025,0.8809
floor,0.55,C_supply_chain,ISOLATE,ALLOW,COVERAGE_GAP,0.4642,0.7149
floor,0.55,D_iiot_lateral,ISOLATE,ALLOW,COVERAGE_GAP,0.7083,0.8248
floor,0.55,E_identity_compromise,ISOLATE,ISOLATE,both_isolate,0.705,0.4603
floor,0.6,Healthy,ALLOW,ALLOW,agree_allow,0.9642,0.9646
floor,0.6,A_session_hijack,ISOLATE,ALLOW,COVERAGE_GAP,0.5892,0.7106
floor,0.6,B_mild_drift,ALLOW,ALLOW,agree_allow,0.8458,0.9004
floor,0.6,B_severe_drift,ALLOW,ALLOW,agree_allow,0.8025,0.8809
floor,0.6,C_supply_chain,ISOLATE,ALLOW,COVERAGE_GAP,0.4642,0.7149
floor,0.6,D_iiot_lateral,ISOLATE,ALLOW,COVERAGE_GAP,0.7083,0.8248
floor,0.6,E_identity_compromise,ISOLATE,ISOLATE,both_isolate,0.705,0.4603
floor,0.65,Healthy,ALLOW,ALLOW,agree_allow,0.9642,0.9646
floor,0.65,A_session_hijack,ISOLATE,ALLOW,COVERAGE_GAP,0.5892,0.7106
floor,0.65,B_mild_drift,ALLOW,ALLOW,agree_allow,0.8458,0.9004
floor,0.65,B_severe_drift,ISOLATE,ALLOW,COVERAGE_GAP,0.8025,0.8809
floor,0.65,C_supply_chain,ISOLATE,ALLOW,COVERAGE_GAP,0.4642,0.7149
floor,0.65,D_iiot_lateral,ISOLATE,ALLOW,COVERAGE_GAP,0.7083,0.8248
floor,0.65,E_identity_compromise,ISOLATE,ISOLATE,both_isolate,0.705,0.4603
tau,0.5,Healthy,ALLOW,ALLOW,agree_allow,0.9642,0.9646
tau,0.5,A_session_hijack,ISOLATE,ALLOW,COVERAGE_GAP,0.5892,0.7106
tau,0.5,B_mild_drift,ALLOW,ALLOW,agree_allow,0.8458,0.9004
tau,0.5,B_severe_drift,ALLOW,ALLOW,agree_allow,0.8025,0.8809
tau,0.5,C_supply_chain,ISOLATE,ALLOW,COVERAGE_GAP,0.4642,0.7149
tau,0.5,D_iiot_lateral,ISOLATE,ALLOW,COVERAGE_GAP,0.7083,0.8248
tau,0.5,E_identity_compromise,ISOLATE,ISOLATE,both_isolate,0.705,0.4603
tau,0.55,Healthy,ALLOW,ALLOW,agree_allow,0.9642,0.9646
tau,0.55,A_session_hijack,ISOLATE,ALLOW,COVERAGE_GAP,0.5892,0.7106
tau,0.55,B_mild_drift,ALLOW,ALLOW,agree_allow,0.8458,0.9004
tau,0.55,B_severe_drift,ALLOW,ALLOW,agree_allow,0.8025,0.8809
tau,0.55,C_supply_chain,ISOLATE,ALLOW,COVERAGE_GAP,0.4642,0.7149
tau,0.55,D_iiot_lateral,ISOLATE,ALLOW,COVERAGE_GAP,0.7083,0.8248
tau,0.55,E_identity_compromise,ISOLATE,ISOLATE,both_isolate,0.705,0.4603
tau,0.6,Healthy,ALLOW,ALLOW,agree_allow,0.9642,0.9646
tau,0.6,A_session_hijack,ISOLATE,ALLOW,COVERAGE_GAP,0.5892,0.7106
tau,0.6,B_mild_drift,ALLOW,ALLOW,agree_allow,0.8458,0.9004
tau,0.6,B_severe_drift,ALLOW,ALLOW,agree_allow,0.8025,0.8809
tau,0.6,C_supply_chain,ISOLATE,ALLOW,COVERAGE_GAP,0.4642,0.7149
tau,0.6,D_iiot_lateral,ISOLATE,ALLOW,COVERAGE_GAP,0.7083,0.8248
tau,0.6,E_identity_compromise,ISOLATE,ISOLATE,both_isolate,0.705,0.4603
tau,0.65,Healthy,ALLOW,ALLOW,agree_allow,0.9642,0.9646
tau,0.65,A_session_hijack,ISOLATE,ALLOW,COVERAGE_GAP,0.5892,0.7106
tau,0.65,B_mild_drift,ALLOW,ALLOW,agree_allow,0.8458,0.9004
tau,0.65,B_severe_drift,ALLOW,ALLOW,agree_allow,0.8025,0.8809
tau,0.65,C_supply_chain,ISOLATE,ALLOW,COVERAGE_GAP,0.4642,0.7149
tau,0.65,D_iiot_lateral,ISOLATE,ALLOW,COVERAGE_GAP,0.7083,0.8248
tau,0.65,E_identity_compromise,ISOLATE,ISOLATE,both_isolate,0.705,0.4603
tau,0.7,Healthy,ALLOW,ALLOW,agree_allow,0.9642,0.9646
tau,0.7,A_session_hijack,ISOLATE,ALLOW,COVERAGE_GAP,0.5892,0.7106
tau,0.7,B_mild_drift,ALLOW,ALLOW,agree_allow,0.8458,0.9004
tau,0.7,B_severe_drift,ALLOW,ALLOW,agree_allow,0.8025,0.8809
tau,0.7,C_supply_chain,ISOLATE,ALLOW,COVERAGE_GAP,0.4642,0.7149
tau,0.7,D_iiot_lateral,ISOLATE,ALLOW,COVERAGE_GAP,0.7083,0.8248
tau,0.7,E_identity_compromise,ISOLATE,ISOLATE,both_isolate,0.705,0.4603
tau,0.75,Healthy,ALLOW,ALLOW,agree_allow,0.9642,0.9646
tau,0.75,A_session_hijack,ISOLATE,ISOLATE,both_isolate,0.5892,0.7106
tau,0.75,B_mild_drift,ALLOW,ALLOW,agree_allow,0.8458,0.9004
tau,0.75,B_severe_drift,ALLOW,ALLOW,agree_allow,0.8025,0.8809
tau,0.75,C_supply_chain,ISOLATE,ISOLATE,both_isolate,0.4642,0.7149
tau,0.75,D_iiot_lateral,ISOLATE,ALLOW,COVERAGE_GAP,0.7083,0.8248
tau,0.75,E_identity_compromise,ISOLATE,ISOLATE,both_isolate,0.705,0.4603
tau,0.8,Healthy,ALLOW,ALLOW,agree_allow,0.9642,0.9646
tau,0.8,A_session_hijack,ISOLATE,ISOLATE,both_isolate,0.5892,0.7106
tau,0.8,B_mild_drift,ALLOW,ALLOW,agree_allow,0.8458,0.9004
tau,0.8,B_severe_drift,ALLOW,ALLOW,agree_allow,0.8025,0.8809
tau,0.8,C_supply_chain,ISOLATE,ISOLATE,both_isolate,0.4642,0.7149
tau,0.8,D_iiot_lateral,ISOLATE,ALLOW,COVERAGE_GAP,0.7083,0.8248
tau,0.8,E_identity_compromise,ISOLATE,ISOLATE,both_isolate,0.705,0.4603
tau,0.85,Healthy,ALLOW,ALLOW,agree_allow,0.9642,0.9646
tau,0.85,A_session_hijack,ISOLATE,ISOLATE,both_isolate,0.5892,0.7106
tau,0.85,B_mild_drift,ISOLATE,ALLOW,COVERAGE_GAP,0.8458,0.9004
tau,0.85,B_severe_drift,ISOLATE,ALLOW,COVERAGE_GAP,0.8025,0.8809
tau,0.85,C_supply_chain,ISOLATE,ISOLATE,both_isolate,0.4642,0.7149
tau,0.85,D_iiot_lateral,ISOLATE,ISOLATE,both_isolate,0.7083,0.8248
tau,0.85,E_identity_compromise,ISOLATE,ISOLATE,both_isolate,0.705,0.4603
tau,0.9,Healthy,ALLOW,ALLOW,agree_allow,0.9642,0.9646
tau,0.9,A_session_hijack,ISOLATE,ISOLATE,both_isolate,0.5892,0.7106
tau,0.9,B_mild_drift,ISOLATE,ALLOW,COVERAGE_GAP,0.8458,0.9004
tau,0.9,B_severe_drift,ISOLATE,ISOLATE,both_isolate,0.8025,0.8809
tau,0.9,C_supply_chain,ISOLATE,ISOLATE,both_isolate,0.4642,0.7149
tau,0.9,D_iiot_lateral,ISOLATE,ISOLATE,both_isolate,0.7083,0.8248
tau,0.9,E_identity_compromise,ISOLATE,ISOLATE,both_isolate,0.705,0.4603
tau,0.95,Healthy,ALLOW,ALLOW,agree_allow,0.9642,0.9646
tau,0.95,A_session_hijack,ISOLATE,ISOLATE,both_isolate,0.5892,0.7106
tau,0.95,B_mild_drift,ISOLATE,ISOLATE,both_isolate,0.8458,0.9004
tau,0.95,B_severe_drift,ISOLATE,ISOLATE,both_isolate,0.8025,0.8809
tau,0.95,C_supply_chain,ISOLATE,ISOLATE,both_isolate,0.4642,0.7149
tau,0.95,D_iiot_lateral,ISOLATE,ISOLATE,both_isolate,0.7083,0.8248
tau,0.95,E_identity_compromise,ISOLATE,ISOLATE,both_isolate,0.705,0.4603
identity_weight,0.5,Healthy,ALLOW,ALLOW,agree_allow,0.9642,0.9644
identity_weight,0.5,A_session_hijack,ISOLATE,ISOLATE,both_isolate,0.5892,0.6444
identity_weight,0.5,B_mild_drift,ALLOW,ALLOW,agree_allow,0.8458,0.8706
identity_weight,0.5,B_severe_drift,ALLOW,ALLOW,agree_allow,0.8025,0.8381
identity_weight,0.5,C_supply_chain,ISOLATE,ISOLATE,both_isolate,0.4642,0.5781
identity_weight,0.5,D_iiot_lateral,ISOLATE,ALLOW,COVERAGE_GAP,0.7083,0.7612
identity_weight,0.5,E_identity_compromise,ISOLATE,ISOLATE,both_isolate,0.705,0.5938
identity_weight,0.55,Healthy,ALLOW,ALLOW,agree_allow,0.9642,0.9644
identity_weight,0.55,A_session_hijack,ISOLATE,ISOLATE,both_isolate,0.5892,0.6609
identity_weight,0.55,B_mild_drift,ALLOW,ALLOW,agree_allow,0.8458,0.8781
identity_weight,0.55,B_severe_drift,ALLOW,ALLOW,agree_allow,0.8025,0.8488
identity_weight,0.55,C_supply_chain,ISOLATE,ISOLATE,both_isolate,0.4642,0.6123
identity_weight,0.55,D_iiot_lateral,ISOLATE,ALLOW,COVERAGE_GAP,0.7083,0.7771
identity_weight,0.55,E_identity_compromise,ISOLATE,ISOLATE,both_isolate,0.705,0.5604
identity_weight,0.6,Healthy,ALLOW,ALLOW,agree_allow,0.9642,0.9645
identity_weight,0.6,A_session_hijack,ISOLATE,ISOLATE,both_isolate,0.5892,0.6775
identity_weight,0.6,B_mild_drift,ALLOW,ALLOW,agree_allow,0.8458,0.8855
identity_weight,0.6,B_severe_drift,ALLOW,ALLOW,agree_allow,0.8025,0.8595
identity_weight,0.6,C_supply_chain,ISOLATE,ISOLATE,both_isolate,0.4642,0.6465
identity_weight,0.6,D_iiot_lateral,ISOLATE,ALLOW,COVERAGE_GAP,0.7083,0.793
identity_weight,0.6,E_identity_compromise,ISOLATE,ISOLATE,both_isolate,0.705,0.527
identity_weight,0.65,Healthy,ALLOW,ALLOW,agree_allow,0.9642,0.9646
identity_weight,0.65,A_session_hijack,ISOLATE,ISOLATE,both_isolate,0.5892,0.6941
identity_weight,0.65,B_mild_drift,ALLOW,ALLOW,agree_allow,0.8458,0.8929
identity_weight,0.65,B_severe_drift,ALLOW,ALLOW,agree_allow,0.8025,0.8702
identity_weight,0.65,C_supply_chain,ISOLATE,ISOLATE,both_isolate,0.4642,0.6807
identity_weight,0.65,D_iiot_lateral,ISOLATE,ALLOW,COVERAGE_GAP,0.7083,0.8089
identity_weight,0.65,E_identity_compromise,ISOLATE,ISOLATE,both_isolate,0.705,0.4936
identity_weight,0.7,Healthy,ALLOW,ALLOW,agree_allow,0.9642,0.9646
identity_weight,0.7,A_session_hijack,ISOLATE,ALLOW,COVERAGE_GAP,0.5892,0.7106
identity_weight,0.7,B_mild_drift,ALLOW,ALLOW,agree_allow,0.8458,0.9004
identity_weight,0.7,B_severe_drift,ALLOW,ALLOW,agree_allow,0.8025,0.8809
identity_weight,0.7,C_supply_chain,ISOLATE,ALLOW,COVERAGE_GAP,0.4642,0.7149
identity_weight,0.7,D_iiot_lateral,ISOLATE,ALLOW,COVERAGE_GAP,0.7083,0.8248
identity_weight,0.7,E_identity_compromise,ISOLATE,ISOLATE,both_isolate,0.705,0.4603
identity_weight,0.75,Healthy,ALLOW,ALLOW,agree_allow,0.9642,0.9647
identity_weight,0.75,A_session_hijack,ISOLATE,ALLOW,COVERAGE_GAP,0.5892,0.7272
identity_weight,0.75,B_mild_drift,ALLOW,ALLOW,agree_allow,0.8458,0.9078
identity_weight,0.75,B_severe_drift,ALLOW,ALLOW,agree_allow,0.8025,0.8916
identity_weight,0.75,C_supply_chain,ISOLATE,ALLOW,COVERAGE_GAP,0.4642,0.7491
identity_weight,0.75,D_iiot_lateral,ISOLATE,ALLOW,COVERAGE_GAP,0.7083,0.8406
identity_weight,0.75,E_identity_compromise,ISOLATE,ISOLATE,both_isolate,0.705,0.4269
identity_weight,0.8,Healthy,ALLOW,ALLOW,agree_allow,0.9642,0.9647
identity_weight,0.8,A_session_hijack,ISOLATE,ALLOW,COVERAGE_GAP,0.5892,0.7438
identity_weight,0.8,B_mild_drift,ALLOW,ALLOW,agree_allow,0.8458,0.9152
identity_weight,0.8,B_severe_drift,ALLOW,ALLOW,agree_allow,0.8025,0.9023
identity_weight,0.8,C_supply_chain,ISOLATE,ALLOW,COVERAGE_GAP,0.4642,0.7833
identity_weight,0.8,D_iiot_lateral,ISOLATE,ALLOW,COVERAGE_GAP,0.7083,0.8565
identity_weight,0.8,E_identity_compromise,ISOLATE,ISOLATE,both_isolate,0.705,0.3935
identity_weight,0.85,Healthy,ALLOW,ALLOW,agree_allow,0.9642,0.9648
identity_weight,0.85,A_session_hijack,ISOLATE,ALLOW,COVERAGE_GAP,0.5892,0.7603
identity_weight,0.85,B_mild_drift,ALLOW,ALLOW,agree_allow,0.8458,0.9227
identity_weight,0.85,B_severe_drift,ALLOW,ALLOW,agree_allow,0.8025,0.9129
identity_weight,0.85,C_supply_chain,ISOLATE,ALLOW,COVERAGE_GAP,0.4642,0.8174
identity_weight,0.85,D_iiot_lateral,ISOLATE,ALLOW,COVERAGE_GAP,0.7083,0.8724
identity_weight,0.85,E_identity_compromise,ISOLATE,ISOLATE,both_isolate,0.705,0.3601
soft_posture,0.0,A_session_hijack,ISOLATE,ALLOW,COVERAGE_GAP,0.5725,0.7031
soft_posture,0.0,B_severe_drift,ALLOW,ALLOW,agree_allow,0.7983,0.879
soft_posture,0.05,A_session_hijack,ISOLATE,ALLOW,COVERAGE_GAP,0.5767,0.705
soft_posture,0.05,B_severe_drift,ALLOW,ALLOW,agree_allow,0.8025,0.8809
soft_posture,0.1,A_session_hijack,ISOLATE,ALLOW,COVERAGE_GAP,0.5808,0.7069
soft_posture,0.1,B_severe_drift,ALLOW,ALLOW,agree_allow,0.8067,0.8828
soft_posture,0.15,A_session_hijack,ISOLATE,ALLOW,COVERAGE_GAP,0.585,0.7087
soft_posture,0.15,B_severe_drift,ALLOW,ALLOW,agree_allow,0.8108,0.8846
soft_posture,0.2,A_session_hijack,ISOLATE,ALLOW,COVERAGE_GAP,0.5892,0.7106
soft_posture,0.2,B_severe_drift,ALLOW,ALLOW,agree_allow,0.815,0.8865
soft_posture,0.25,A_session_hijack,ISOLATE,ALLOW,COVERAGE_GAP,0.5933,0.7125
soft_posture,0.25,B_severe_drift,ALLOW,ALLOW,agree_allow,0.8192,0.8884
soft_posture,0.3,A_session_hijack,ISOLATE,ALLOW,COVERAGE_GAP,0.5975,0.7144
soft_posture,0.3,B_severe_drift,ALLOW,ALLOW,agree_allow,0.8233,0.8902
soft_posture,0.35,A_session_hijack,ISOLATE,ALLOW,COVERAGE_GAP,0.6017,0.7162
soft_posture,0.35,B_severe_drift,ALLOW,ALLOW,agree_allow,0.8275,0.8921
soft_posture,0.4,A_session_hijack,ISOLATE,ALLOW,COVERAGE_GAP,0.6058,0.7181
soft_posture,0.4,B_severe_drift,ALLOW,ALLOW,agree_allow,0.8317,0.894
soft_posture,0.45,A_session_hijack,ISOLATE,ALLOW,COVERAGE_GAP,0.61,0.72
soft_posture,0.45,B_severe_drift,ALLOW,ALLOW,agree_allow,0.8358,0.8959
soft_posture,0.5,A_session_hijack,ISOLATE,ALLOW,COVERAGE_GAP,0.6142,0.7219
soft_posture,0.5,B_severe_drift,ALLOW,ALLOW,agree_allow,0.84,0.8978
